nation,player_name,window,source_name,source_url,source_date
England,Ollie Chessum,the 2026 Nations Championship (July window),England squad for the 2026 Nations Championship,https://www.englandrugby.com/follow/news-and-media/england-squad-named-nations-championship-2026,2026-06-19
England,Arthur Clark,the 2026 Nations Championship (July window),England squad for the 2026 Nations Championship,https://www.englandrugby.com/follow/news-and-media/england-squad-named-nations-championship-2026,2026-06-19
England,Alex Coles,the 2026 Nations Championship (July window),England squad for the 2026 Nations Championship,https://www.englandrugby.com/follow/news-and-media/england-squad-named-nations-championship-2026,2026-06-19
England,Luke Cowan-Dickie,the 2026 Nations Championship (July window),England squad for the 2026 Nations Championship,https://www.englandrugby.com/follow/news-and-media/england-squad-named-nations-championship-2026,2026-06-19
England,Tom Curry,the 2026 Nations Championship (July window),England squad for the 2026 Nations Championship,https://www.englandrugby.com/follow/news-and-media/england-squad-named-nations-championship-2026,2026-06-19
England,Theo Dan,the 2026 Nations Championship (July window),England squad for the 2026 Nations Championship,https://www.englandrugby.com/follow/news-and-media/england-squad-named-nations-championship-2026,2026-06-19
England,Ben Earl,the 2026 Nations Championship (July window),England squad for the 2026 Nations Championship,https://www.englandrugby.com/follow/news-and-media/england-squad-named-nations-championship-2026,2026-06-19
England,Charlie Ewels,the 2026 Nations Championship (July window),England squad for the 2026 Nations Championship,https://www.englandrugby.com/follow/news-and-media/england-squad-named-nations-championship-2026,2026-06-19
England,Greg Fisilau,the 2026 Nations Championship (July window),England squad for the 2026 Nations Championship,https://www.englandrugby.com/follow/news-and-media/england-squad-named-nations-championship-2026,2026-06-19
England,Ellis Genge,the 2026 Nations Championship (July window),England squad for the 2026 Nations Championship,https://www.englandrugby.com/follow/news-and-media/england-squad-named-nations-championship-2026,2026-06-19
England,Jamie George,the 2026 Nations Championship (July window),England squad for the 2026 Nations Championship,https://www.englandrugby.com/follow/news-and-media/england-squad-named-nations-championship-2026,2026-06-19
England,Joe Heyes,the 2026 Nations Championship (July window),England squad for the 2026 Nations Championship,https://www.englandrugby.com/follow/news-and-media/england-squad-named-nations-championship-2026,2026-06-19
England,Ted Hill,the 2026 Nations Championship (July window),England squad for the 2026 Nations Championship,https://www.englandrugby.com/follow/news-and-media/england-squad-named-nations-championship-2026,2026-06-19
England,George Kloska,the 2026 Nations Championship (July window),England squad for the 2026 Nations Championship,https://www.englandrugby.com/follow/news-and-media/england-squad-named-nations-championship-2026,2026-06-19
England,George Martin,the 2026 Nations Championship (July window),England squad for the 2026 Nations Championship,https://www.englandrugby.com/follow/news-and-media/england-squad-named-nations-championship-2026,2026-06-19
England,Beno Obano,the 2026 Nations Championship (July window),England squad for the 2026 Nations Championship,https://www.englandrugby.com/follow/news-and-media/england-squad-named-nations-championship-2026,2026-06-19
England,Asher Opoku-Fordjour,the 2026 Nations Championship (July window),England squad for the 2026 Nations Championship,https://www.englandrugby.com/follow/news-and-media/england-squad-named-nations-championship-2026,2026-06-19
England,Guy Pepper,the 2026 Nations Championship (July window),England squad for the 2026 Nations Championship,https://www.englandrugby.com/follow/news-and-media/england-squad-named-nations-championship-2026,2026-06-19
England,Henry Pollock,the 2026 Nations Championship (July window),England squad for the 2026 Nations Championship,https://www.englandrugby.com/follow/news-and-media/england-squad-named-nations-championship-2026,2026-06-19
England,Vilikesa Sela,the 2026 Nations Championship (July window),England squad for the 2026 Nations Championship,https://www.englandrugby.com/follow/news-and-media/england-squad-named-nations-championship-2026,2026-06-19
England,Seb Atkinson,the 2026 Nations Championship (July window),England squad for the 2026 Nations Championship,https://www.englandrugby.com/follow/news-and-media/england-squad-named-nations-championship-2026,2026-06-19
England,Noah Caluori,the 2026 Nations Championship (July window),England squad for the 2026 Nations Championship,https://www.englandrugby.com/follow/news-and-media/england-squad-named-nations-championship-2026,2026-06-19
England,Immanuel Feyi-Waboso,the 2026 Nations Championship (July window),England squad for the 2026 Nations Championship,https://www.englandrugby.com/follow/news-and-media/england-squad-named-nations-championship-2026,2026-06-19
England,George Ford,the 2026 Nations Championship (July window),England squad for the 2026 Nations Championship,https://www.englandrugby.com/follow/news-and-media/england-squad-named-nations-championship-2026,2026-06-19
England,Tommy Freeman,the 2026 Nations Championship (July window),England squad for the 2026 Nations Championship,https://www.englandrugby.com/follow/news-and-media/england-squad-named-nations-championship-2026,2026-06-19
England,George Furbank,the 2026 Nations Championship (July window),England squad for the 2026 Nations Championship,https://www.englandrugby.com/follow/news-and-media/england-squad-named-nations-championship-2026,2026-06-19
England,Benhard Janse van Rensburg,the 2026 Nations Championship (July window),England squad for the 2026 Nations Championship,https://www.englandrugby.com/follow/news-and-media/england-squad-named-nations-championship-2026,2026-06-19
England,Alex Mitchell,the 2026 Nations Championship (July window),England squad for the 2026 Nations Championship,https://www.englandrugby.com/follow/news-and-media/england-squad-named-nations-championship-2026,2026-06-19
England,Cadan Murley,the 2026 Nations Championship (July window),England squad for the 2026 Nations Championship,https://www.englandrugby.com/follow/news-and-media/england-squad-named-nations-championship-2026,2026-06-19
England,Max Ojomoh,the 2026 Nations Championship (July window),England squad for the 2026 Nations Championship,https://www.englandrugby.com/follow/news-and-media/england-squad-named-nations-championship-2026,2026-06-19
England,Henry Slade,the 2026 Nations Championship (July window),England squad for the 2026 Nations Championship,https://www.englandrugby.com/follow/news-and-media/england-squad-named-nations-championship-2026,2026-06-19
England,Fin Smith,the 2026 Nations Championship (July window),England squad for the 2026 Nations Championship,https://www.englandrugby.com/follow/news-and-media/england-squad-named-nations-championship-2026,2026-06-19
England,Marcus Smith,the 2026 Nations Championship (July window),England squad for the 2026 Nations Championship,https://www.englandrugby.com/follow/news-and-media/england-squad-named-nations-championship-2026,2026-06-19
England,Ben Spencer,the 2026 Nations Championship (July window),England squad for the 2026 Nations Championship,https://www.englandrugby.com/follow/news-and-media/england-squad-named-nations-championship-2026,2026-06-19
England,Freddie Steward,the 2026 Nations Championship (July window),England squad for the 2026 Nations Championship,https://www.englandrugby.com/follow/news-and-media/england-squad-named-nations-championship-2026,2026-06-19
England,Jack van Poortvliet,the 2026 Nations Championship (July window),England squad for the 2026 Nations Championship,https://www.englandrugby.com/follow/news-and-media/england-squad-named-nations-championship-2026,2026-06-19
Scotland,Ewan Ashman,the 2026 Nations Championship (July window),Scotland squad for the 2026 Nations Championship,https://www.theoffsideline.com/scotland-2026-summer-nations-championship-series-squad-announced/,2026-06-18
Scotland,Josh Bayliss,the 2026 Nations Championship (July window),Scotland squad for the 2026 Nations Championship,https://www.theoffsideline.com/scotland-2026-summer-nations-championship-series-squad-announced/,2026-06-18
Scotland,Magnus Bradbury,the 2026 Nations Championship (July window),Scotland squad for the 2026 Nations Championship,https://www.theoffsideline.com/scotland-2026-summer-nations-championship-series-squad-announced/,2026-06-18
Scotland,Gregor Brown,the 2026 Nations Championship (July window),Scotland squad for the 2026 Nations Championship,https://www.theoffsideline.com/scotland-2026-summer-nations-championship-series-squad-announced/,2026-06-18
Scotland,Scott Cummings,the 2026 Nations Championship (July window),Scotland squad for the 2026 Nations Championship,https://www.theoffsideline.com/scotland-2026-summer-nations-championship-series-squad-announced/,2026-06-18
Scotland,Rory Darge,the 2026 Nations Championship (July window),Scotland squad for the 2026 Nations Championship,https://www.theoffsideline.com/scotland-2026-summer-nations-championship-series-squad-announced/,2026-06-18
Scotland,Jack Dempsey,the 2026 Nations Championship (July window),Scotland squad for the 2026 Nations Championship,https://www.theoffsideline.com/scotland-2026-summer-nations-championship-series-squad-announced/,2026-06-18
Scotland,Freddy Douglas,the 2026 Nations Championship (July window),Scotland squad for the 2026 Nations Championship,https://www.theoffsideline.com/scotland-2026-summer-nations-championship-series-squad-announced/,2026-06-18
Scotland,Matt Fagerson,the 2026 Nations Championship (July window),Scotland squad for the 2026 Nations Championship,https://www.theoffsideline.com/scotland-2026-summer-nations-championship-series-squad-announced/,2026-06-18
Scotland,Zander Fagerson,the 2026 Nations Championship (July window),Scotland squad for the 2026 Nations Championship,https://www.theoffsideline.com/scotland-2026-summer-nations-championship-series-squad-announced/,2026-06-18
Scotland,Jonny Gray,the 2026 Nations Championship (July window),Scotland squad for the 2026 Nations Championship,https://www.theoffsideline.com/scotland-2026-summer-nations-championship-series-squad-announced/,2026-06-18
Scotland,Gregor Hiddleston,the 2026 Nations Championship (July window),Scotland squad for the 2026 Nations Championship,https://www.theoffsideline.com/scotland-2026-summer-nations-championship-series-squad-announced/,2026-06-18
Scotland,Will Hurd,the 2026 Nations Championship (July window),Scotland squad for the 2026 Nations Championship,https://www.theoffsideline.com/scotland-2026-summer-nations-championship-series-squad-announced/,2026-06-18
Scotland,Nathan McBeth,the 2026 Nations Championship (July window),Scotland squad for the 2026 Nations Championship,https://www.theoffsideline.com/scotland-2026-summer-nations-championship-series-squad-announced/,2026-06-18
Scotland,Liam McConnell,the 2026 Nations Championship (July window),Scotland squad for the 2026 Nations Championship,https://www.theoffsideline.com/scotland-2026-summer-nations-championship-series-squad-announced/,2026-06-18
Scotland,Elliot Millar Mills,the 2026 Nations Championship (July window),Scotland squad for the 2026 Nations Championship,https://www.theoffsideline.com/scotland-2026-summer-nations-championship-series-squad-announced/,2026-06-18
Scotland,D'arcy Rae,the 2026 Nations Championship (July window),Scotland squad for the 2026 Nations Championship,https://www.theoffsideline.com/scotland-2026-summer-nations-championship-series-squad-announced/,2026-06-18
Scotland,Alex Samuel,the 2026 Nations Championship (July window),Scotland squad for the 2026 Nations Championship,https://www.theoffsideline.com/scotland-2026-summer-nations-championship-series-squad-announced/,2026-06-18
Scotland,Pierre Schoeman,the 2026 Nations Championship (July window),Scotland squad for the 2026 Nations Championship,https://www.theoffsideline.com/scotland-2026-summer-nations-championship-series-squad-announced/,2026-06-18
Scotland,Seb Stephen,the 2026 Nations Championship (July window),Scotland squad for the 2026 Nations Championship,https://www.theoffsideline.com/scotland-2026-summer-nations-championship-series-squad-announced/,2026-06-18
Scotland,Rory Sutherland,the 2026 Nations Championship (July window),Scotland squad for the 2026 Nations Championship,https://www.theoffsideline.com/scotland-2026-summer-nations-championship-series-squad-announced/,2026-06-18
Scotland,Max Williamson,the 2026 Nations Championship (July window),Scotland squad for the 2026 Nations Championship,https://www.theoffsideline.com/scotland-2026-summer-nations-championship-series-squad-announced/,2026-06-18
Scotland,Fergus Burke,the 2026 Nations Championship (July window),Scotland squad for the 2026 Nations Championship,https://www.theoffsideline.com/scotland-2026-summer-nations-championship-series-squad-announced/,2026-06-18
Scotland,Jamie Dobie,the 2026 Nations Championship (July window),Scotland squad for the 2026 Nations Championship,https://www.theoffsideline.com/scotland-2026-summer-nations-championship-series-squad-announced/,2026-06-18
Scotland,Darcy Graham,the 2026 Nations Championship (July window),Scotland squad for the 2026 Nations Championship,https://www.theoffsideline.com/scotland-2026-summer-nations-championship-series-squad-announced/,2026-06-18
Scotland,George Horne,the 2026 Nations Championship (July window),Scotland squad for the 2026 Nations Championship,https://www.theoffsideline.com/scotland-2026-summer-nations-championship-series-squad-announced/,2026-06-18
Scotland,Rory Hutchinson,the 2026 Nations Championship (July window),Scotland squad for the 2026 Nations Championship,https://www.theoffsideline.com/scotland-2026-summer-nations-championship-series-squad-announced/,2026-06-18
Scotland,Tom Jordan,the 2026 Nations Championship (July window),Scotland squad for the 2026 Nations Championship,https://www.theoffsideline.com/scotland-2026-summer-nations-championship-series-squad-announced/,2026-06-18
Scotland,Stafford McDowall,the 2026 Nations Championship (July window),Scotland squad for the 2026 Nations Championship,https://www.theoffsideline.com/scotland-2026-summer-nations-championship-series-squad-announced/,2026-06-18
Scotland,Kyle Rowe,the 2026 Nations Championship (July window),Scotland squad for the 2026 Nations Championship,https://www.theoffsideline.com/scotland-2026-summer-nations-championship-series-squad-announced/,2026-06-18
Scotland,Finn Russell,the 2026 Nations Championship (July window),Scotland squad for the 2026 Nations Championship,https://www.theoffsideline.com/scotland-2026-summer-nations-championship-series-squad-announced/,2026-06-18
Scotland,Ollie Smith,the 2026 Nations Championship (July window),Scotland squad for the 2026 Nations Championship,https://www.theoffsideline.com/scotland-2026-summer-nations-championship-series-squad-announced/,2026-06-18
Scotland,Kyle Steyn,the 2026 Nations Championship (July window),Scotland squad for the 2026 Nations Championship,https://www.theoffsideline.com/scotland-2026-summer-nations-championship-series-squad-announced/,2026-06-18
Scotland,Sione Tuipulotu,the 2026 Nations Championship (July window),Scotland squad for the 2026 Nations Championship,https://www.theoffsideline.com/scotland-2026-summer-nations-championship-series-squad-announced/,2026-06-18
Scotland,Duhan van der Merwe,the 2026 Nations Championship (July window),Scotland squad for the 2026 Nations Championship,https://www.theoffsideline.com/scotland-2026-summer-nations-championship-series-squad-announced/,2026-06-18
Scotland,Ben White,the 2026 Nations Championship (July window),Scotland squad for the 2026 Nations Championship,https://www.theoffsideline.com/scotland-2026-summer-nations-championship-series-squad-announced/,2026-06-18
Italy,Lorenzo Cannone,the 2026 Nations Championship (July window),Italy squad for the 2026 Nations Championship,https://www.rugbypass.com/news/gonzalo-quesada-announces-italy-squad-and-explains-ange-capuozzos-absence-nations-championship/,2026-06-17
Italy,Niccolò Cannone,the 2026 Nations Championship (July window),Italy squad for the 2026 Nations Championship,https://www.rugbypass.com/news/gonzalo-quesada-announces-italy-squad-and-explains-ange-capuozzos-absence-nations-championship/,2026-06-17
Italy,Tommaso Di Bartolomeo,the 2026 Nations Championship (July window),Italy squad for the 2026 Nations Championship,https://www.rugbypass.com/news/gonzalo-quesada-announces-italy-squad-and-explains-ange-capuozzos-absence-nations-championship/,2026-06-17
Italy,Pablo Dimcheff,the 2026 Nations Championship (July window),Italy squad for the 2026 Nations Championship,https://www.rugbypass.com/news/gonzalo-quesada-announces-italy-squad-and-explains-ange-capuozzos-absence-nations-championship/,2026-06-17
Italy,Riccardo Favretto,the 2026 Nations Championship (July window),Italy squad for the 2026 Nations Championship,https://www.rugbypass.com/news/gonzalo-quesada-announces-italy-squad-and-explains-ange-capuozzos-absence-nations-championship/,2026-06-17
Italy,Danilo Fischetti,the 2026 Nations Championship (July window),Italy squad for the 2026 Nations Championship,https://www.rugbypass.com/news/gonzalo-quesada-announces-italy-squad-and-explains-ange-capuozzos-absence-nations-championship/,2026-06-17
Italy,Muhamed Hasa,the 2026 Nations Championship (July window),Italy squad for the 2026 Nations Championship,https://www.rugbypass.com/news/gonzalo-quesada-announces-italy-squad-and-explains-ange-capuozzos-absence-nations-championship/,2026-06-17
Italy,Michele Lamaro,the 2026 Nations Championship (July window),Italy squad for the 2026 Nations Championship,https://www.rugbypass.com/news/gonzalo-quesada-announces-italy-squad-and-explains-ange-capuozzos-absence-nations-championship/,2026-06-17
Italy,Gianmarco Lucchesi,the 2026 Nations Championship (July window),Italy squad for the 2026 Nations Championship,https://www.rugbypass.com/news/gonzalo-quesada-announces-italy-squad-and-explains-ange-capuozzos-absence-nations-championship/,2026-06-17
Italy,Giulio Marini,the 2026 Nations Championship (July window),Italy squad for the 2026 Nations Championship,https://www.rugbypass.com/news/gonzalo-quesada-announces-italy-squad-and-explains-ange-capuozzos-absence-nations-championship/,2026-06-17
Italy,Ion Neculai,the 2026 Nations Championship (July window),Italy squad for the 2026 Nations Championship,https://www.rugbypass.com/news/gonzalo-quesada-announces-italy-squad-and-explains-ange-capuozzos-absence-nations-championship/,2026-06-17
Italy,David Odiase,the 2026 Nations Championship (July window),Italy squad for the 2026 Nations Championship,https://www.rugbypass.com/news/gonzalo-quesada-announces-italy-squad-and-explains-ange-capuozzos-absence-nations-championship/,2026-06-17
Italy,Alessandro Ortombina,the 2026 Nations Championship (July window),Italy squad for the 2026 Nations Championship,https://www.rugbypass.com/news/gonzalo-quesada-announces-italy-squad-and-explains-ange-capuozzos-absence-nations-championship/,2026-06-17
Italy,Marco Riccioni,the 2026 Nations Championship (July window),Italy squad for the 2026 Nations Championship,https://www.rugbypass.com/news/gonzalo-quesada-announces-italy-squad-and-explains-ange-capuozzos-absence-nations-championship/,2026-06-17
Italy,Federico Ruzza,the 2026 Nations Championship (July window),Italy squad for the 2026 Nations Championship,https://www.rugbypass.com/news/gonzalo-quesada-announces-italy-squad-and-explains-ange-capuozzos-absence-nations-championship/,2026-06-17
Italy,Mirco Spagnolo,the 2026 Nations Championship (July window),Italy squad for the 2026 Nations Championship,https://www.rugbypass.com/news/gonzalo-quesada-announces-italy-squad-and-explains-ange-capuozzos-absence-nations-championship/,2026-06-17
Italy,Ross Vintcent,the 2026 Nations Championship (July window),Italy squad for the 2026 Nations Championship,https://www.rugbypass.com/news/gonzalo-quesada-announces-italy-squad-and-explains-ange-capuozzos-absence-nations-championship/,2026-06-17
Italy,Andrea Zambonin,the 2026 Nations Championship (July window),Italy squad for the 2026 Nations Championship,https://www.rugbypass.com/news/gonzalo-quesada-announces-italy-squad-and-explains-ange-capuozzos-absence-nations-championship/,2026-06-17
Italy,Tommaso Allan,the 2026 Nations Championship (July window),Italy squad for the 2026 Nations Championship,https://www.rugbypass.com/news/gonzalo-quesada-announces-italy-squad-and-explains-ange-capuozzos-absence-nations-championship/,2026-06-17
Italy,Giulio Bertaccini,the 2026 Nations Championship (July window),Italy squad for the 2026 Nations Championship,https://www.rugbypass.com/news/gonzalo-quesada-announces-italy-squad-and-explains-ange-capuozzos-absence-nations-championship/,2026-06-17
Italy,Juan Ignacio Brex,the 2026 Nations Championship (July window),Italy squad for the 2026 Nations Championship,https://www.rugbypass.com/news/gonzalo-quesada-announces-italy-squad-and-explains-ange-capuozzos-absence-nations-championship/,2026-06-17
Italy,Giacomo Da Re,the 2026 Nations Championship (July window),Italy squad for the 2026 Nations Championship,https://www.rugbypass.com/news/gonzalo-quesada-announces-italy-squad-and-explains-ange-capuozzos-absence-nations-championship/,2026-06-17
Italy,Malik Faissal,the 2026 Nations Championship (July window),Italy squad for the 2026 Nations Championship,https://www.rugbypass.com/news/gonzalo-quesada-announces-italy-squad-and-explains-ange-capuozzos-absence-nations-championship/,2026-06-17
Italy,Alessandro Fusco,the 2026 Nations Championship (July window),Italy squad for the 2026 Nations Championship,https://www.rugbypass.com/news/gonzalo-quesada-announces-italy-squad-and-explains-ange-capuozzos-absence-nations-championship/,2026-06-17
Italy,Alessandro Garbisi,the 2026 Nations Championship (July window),Italy squad for the 2026 Nations Championship,https://www.rugbypass.com/news/gonzalo-quesada-announces-italy-squad-and-explains-ange-capuozzos-absence-nations-championship/,2026-06-17
Italy,Paolo Garbisi,the 2026 Nations Championship (July window),Italy squad for the 2026 Nations Championship,https://www.rugbypass.com/news/gonzalo-quesada-announces-italy-squad-and-explains-ange-capuozzos-absence-nations-championship/,2026-06-17
Italy,Monty Ioane,the 2026 Nations Championship (July window),Italy squad for the 2026 Nations Championship,https://www.rugbypass.com/news/gonzalo-quesada-announces-italy-squad-and-explains-ange-capuozzos-absence-nations-championship/,2026-06-17
Italy,Louis Lynagh,the 2026 Nations Championship (July window),Italy squad for the 2026 Nations Championship,https://www.rugbypass.com/news/gonzalo-quesada-announces-italy-squad-and-explains-ange-capuozzos-absence-nations-championship/,2026-06-17
Italy,Leonardo Marin,the 2026 Nations Championship (July window),Italy squad for the 2026 Nations Championship,https://www.rugbypass.com/news/gonzalo-quesada-announces-italy-squad-and-explains-ange-capuozzos-absence-nations-championship/,2026-06-17
Italy,Tommaso Menoncello,the 2026 Nations Championship (July window),Italy squad for the 2026 Nations Championship,https://www.rugbypass.com/news/gonzalo-quesada-announces-italy-squad-and-explains-ange-capuozzos-absence-nations-championship/,2026-06-17
Italy,Paolo Odogwu,the 2026 Nations Championship (July window),Italy squad for the 2026 Nations Championship,https://www.rugbypass.com/news/gonzalo-quesada-announces-italy-squad-and-explains-ange-capuozzos-absence-nations-championship/,2026-06-17
Italy,Lorenzo Pani,the 2026 Nations Championship (July window),Italy squad for the 2026 Nations Championship,https://www.rugbypass.com/news/gonzalo-quesada-announces-italy-squad-and-explains-ange-capuozzos-absence-nations-championship/,2026-06-17
Italy,Stephen Varney,the 2026 Nations Championship (July window),Italy squad for the 2026 Nations Championship,https://www.rugbypass.com/news/gonzalo-quesada-announces-italy-squad-and-explains-ange-capuozzos-absence-nations-championship/,2026-06-17
South Africa,Thomas du Toit,the 2026 Nations Championship (July window),South Africa (Springboks) squad for the 2026 Nations Championship,https://springboks.rugby/news-features/articles/2026/6/20/bok-squad,2026-06-20
South Africa,Wilco Louw,the 2026 Nations Championship (July window),South Africa (Springboks) squad for the 2026 Nations Championship,https://springboks.rugby/news-features/articles/2026/6/20/bok-squad,2026-06-20
South Africa,Ntuthuko Mchunu,the 2026 Nations Championship (July window),South Africa (Springboks) squad for the 2026 Nations Championship,https://springboks.rugby/news-features/articles/2026/6/20/bok-squad,2026-06-20
South Africa,Ox Nche,the 2026 Nations Championship (July window),South Africa (Springboks) squad for the 2026 Nations Championship,https://springboks.rugby/news-features/articles/2026/6/20/bok-squad,2026-06-20
South Africa,Zachary Porthen,the 2026 Nations Championship (July window),South Africa (Springboks) squad for the 2026 Nations Championship,https://springboks.rugby/news-features/articles/2026/6/20/bok-squad,2026-06-20
South Africa,Carlu Sadie,the 2026 Nations Championship (July window),South Africa (Springboks) squad for the 2026 Nations Championship,https://springboks.rugby/news-features/articles/2026/6/20/bok-squad,2026-06-20
South Africa,Gerhard Steenekamp,the 2026 Nations Championship (July window),South Africa (Springboks) squad for the 2026 Nations Championship,https://springboks.rugby/news-features/articles/2026/6/20/bok-squad,2026-06-20
South Africa,Boan Venter,the 2026 Nations Championship (July window),South Africa (Springboks) squad for the 2026 Nations Championship,https://springboks.rugby/news-features/articles/2026/6/20/bok-squad,2026-06-20
South Africa,Johan Grobbelaar,the 2026 Nations Championship (July window),South Africa (Springboks) squad for the 2026 Nations Championship,https://springboks.rugby/news-features/articles/2026/6/20/bok-squad,2026-06-20
South Africa,Malcolm Marx,the 2026 Nations Championship (July window),South Africa (Springboks) squad for the 2026 Nations Championship,https://springboks.rugby/news-features/articles/2026/6/20/bok-squad,2026-06-20
South Africa,Andre-Hugo Venter,the 2026 Nations Championship (July window),South Africa (Springboks) squad for the 2026 Nations Championship,https://springboks.rugby/news-features/articles/2026/6/20/bok-squad,2026-06-20
South Africa,Lood de Jager,the 2026 Nations Championship (July window),South Africa (Springboks) squad for the 2026 Nations Championship,https://springboks.rugby/news-features/articles/2026/6/20/bok-squad,2026-06-20
South Africa,Eben Etzebeth,the 2026 Nations Championship (July window),South Africa (Springboks) squad for the 2026 Nations Championship,https://springboks.rugby/news-features/articles/2026/6/20/bok-squad,2026-06-20
South Africa,Ruan Nortje,the 2026 Nations Championship (July window),South Africa (Springboks) squad for the 2026 Nations Championship,https://springboks.rugby/news-features/articles/2026/6/20/bok-squad,2026-06-20
South Africa,Ruben van Heerden,the 2026 Nations Championship (July window),South Africa (Springboks) squad for the 2026 Nations Championship,https://springboks.rugby/news-features/articles/2026/6/20/bok-squad,2026-06-20
South Africa,Paul de Villiers,the 2026 Nations Championship (July window),South Africa (Springboks) squad for the 2026 Nations Championship,https://springboks.rugby/news-features/articles/2026/6/20/bok-squad,2026-06-20
South Africa,Ben-Jason Dixon,the 2026 Nations Championship (July window),South Africa (Springboks) squad for the 2026 Nations Championship,https://springboks.rugby/news-features/articles/2026/6/20/bok-squad,2026-06-20
South Africa,Cameron Hanekom,the 2026 Nations Championship (July window),South Africa (Springboks) squad for the 2026 Nations Championship,https://springboks.rugby/news-features/articles/2026/6/20/bok-squad,2026-06-20
South Africa,Siya Kolisi,the 2026 Nations Championship (July window),South Africa (Springboks) squad for the 2026 Nations Championship,https://springboks.rugby/news-features/articles/2026/6/20/bok-squad,2026-06-20
South Africa,Evan Roos,the 2026 Nations Championship (July window),South Africa (Springboks) squad for the 2026 Nations Championship,https://springboks.rugby/news-features/articles/2026/6/20/bok-squad,2026-06-20
South Africa,Vincent Tshituka,the 2026 Nations Championship (July window),South Africa (Springboks) squad for the 2026 Nations Championship,https://springboks.rugby/news-features/articles/2026/6/20/bok-squad,2026-06-20
South Africa,Jasper Wiese,the 2026 Nations Championship (July window),South Africa (Springboks) squad for the 2026 Nations Championship,https://springboks.rugby/news-features/articles/2026/6/20/bok-squad,2026-06-20
South Africa,Elrigh Louw,the 2026 Nations Championship (July window),South Africa (Springboks) squad for the 2026 Nations Championship,https://springboks.rugby/news-features/articles/2026/6/20/bok-squad,2026-06-20
South Africa,Pieter-Steph du Toit,the 2026 Nations Championship (July window),South Africa (Springboks) squad for the 2026 Nations Championship,https://springboks.rugby/news-features/articles/2026/6/20/bok-squad,2026-06-20
South Africa,Franco Mostert,the 2026 Nations Championship (July window),South Africa (Springboks) squad for the 2026 Nations Championship,https://springboks.rugby/news-features/articles/2026/6/20/bok-squad,2026-06-20
South Africa,Marco van Staden,the 2026 Nations Championship (July window),South Africa (Springboks) squad for the 2026 Nations Championship,https://springboks.rugby/news-features/articles/2026/6/20/bok-squad,2026-06-20
South Africa,Jan-Hendrik Wessels,the 2026 Nations Championship (July window),South Africa (Springboks) squad for the 2026 Nations Championship,https://springboks.rugby/news-features/articles/2026/6/20/bok-squad,2026-06-20
South Africa,Cobus Wiese,the 2026 Nations Championship (July window),South Africa (Springboks) squad for the 2026 Nations Championship,https://springboks.rugby/news-features/articles/2026/6/20/bok-squad,2026-06-20
South Africa,Embrose Papier,the 2026 Nations Championship (July window),South Africa (Springboks) squad for the 2026 Nations Championship,https://springboks.rugby/news-features/articles/2026/6/20/bok-squad,2026-06-20
South Africa,Herschel Jantjies,the 2026 Nations Championship (July window),South Africa (Springboks) squad for the 2026 Nations Championship,https://springboks.rugby/news-features/articles/2026/6/20/bok-squad,2026-06-20
South Africa,Cobus Reinach,the 2026 Nations Championship (July window),South Africa (Springboks) squad for the 2026 Nations Championship,https://springboks.rugby/news-features/articles/2026/6/20/bok-squad,2026-06-20
South Africa,Grant Williams,the 2026 Nations Championship (July window),South Africa (Springboks) squad for the 2026 Nations Championship,https://springboks.rugby/news-features/articles/2026/6/20/bok-squad,2026-06-20
South Africa,Manie Libbok,the 2026 Nations Championship (July window),South Africa (Springboks) squad for the 2026 Nations Championship,https://springboks.rugby/news-features/articles/2026/6/20/bok-squad,2026-06-20
South Africa,Vusi Moyo,the 2026 Nations Championship (July window),South Africa (Springboks) squad for the 2026 Nations Championship,https://springboks.rugby/news-features/articles/2026/6/20/bok-squad,2026-06-20
South Africa,Handre Pollard,the 2026 Nations Championship (July window),South Africa (Springboks) squad for the 2026 Nations Championship,https://springboks.rugby/news-features/articles/2026/6/20/bok-squad,2026-06-20
South Africa,Damian de Allende,the 2026 Nations Championship (July window),South Africa (Springboks) squad for the 2026 Nations Championship,https://springboks.rugby/news-features/articles/2026/6/20/bok-squad,2026-06-20
South Africa,Andre Esterhuizen,the 2026 Nations Championship (July window),South Africa (Springboks) squad for the 2026 Nations Championship,https://springboks.rugby/news-features/articles/2026/6/20/bok-squad,2026-06-20
South Africa,Jesse Kriel,the 2026 Nations Championship (July window),South Africa (Springboks) squad for the 2026 Nations Championship,https://springboks.rugby/news-features/articles/2026/6/20/bok-squad,2026-06-20
South Africa,Kurt-Lee Arendse,the 2026 Nations Championship (July window),South Africa (Springboks) squad for the 2026 Nations Championship,https://springboks.rugby/news-features/articles/2026/6/20/bok-squad,2026-06-20
South Africa,Aphelele Fassi,the 2026 Nations Championship (July window),South Africa (Springboks) squad for the 2026 Nations Championship,https://springboks.rugby/news-features/articles/2026/6/20/bok-squad,2026-06-20
South Africa,Quan Horn,the 2026 Nations Championship (July window),South Africa (Springboks) squad for the 2026 Nations Championship,https://springboks.rugby/news-features/articles/2026/6/20/bok-squad,2026-06-20
South Africa,Cheslin Kolbe,the 2026 Nations Championship (July window),South Africa (Springboks) squad for the 2026 Nations Championship,https://springboks.rugby/news-features/articles/2026/6/20/bok-squad,2026-06-20
South Africa,Canan Moodie,the 2026 Nations Championship (July window),South Africa (Springboks) squad for the 2026 Nations Championship,https://springboks.rugby/news-features/articles/2026/6/20/bok-squad,2026-06-20
South Africa,Edwill van der Merwe,the 2026 Nations Championship (July window),South Africa (Springboks) squad for the 2026 Nations Championship,https://springboks.rugby/news-features/articles/2026/6/20/bok-squad,2026-06-20
South Africa,Jaco Williams,the 2026 Nations Championship (July window),South Africa (Springboks) squad for the 2026 Nations Championship,https://springboks.rugby/news-features/articles/2026/6/20/bok-squad,2026-06-20
South Africa,Damian Willemse,the 2026 Nations Championship (July window),South Africa (Springboks) squad for the 2026 Nations Championship,https://springboks.rugby/news-features/articles/2026/6/20/bok-squad,2026-06-20
South Africa,Ethan Hooker,the 2026 Nations Championship (July window),South Africa (Springboks) squad for the 2026 Nations Championship,https://springboks.rugby/news-features/articles/2026/6/20/bok-squad,2026-06-20
Argentina,Matías Alemanno,the 2026 Nations Championship (July window),Argentina (Los Pumas) squad for the 2026 Nations Championship,https://www.planetrugby.com/news/argentina-squad-felipe-contepomi-names-five-uncapped-men-in-nations-championship-group,2026-06-19
Argentina,Luciano Asevedo,the 2026 Nations Championship (July window),Argentina (Los Pumas) squad for the 2026 Nations Championship,https://www.planetrugby.com/news/argentina-squad-felipe-contepomi-names-five-uncapped-men-in-nations-championship-group,2026-06-19
Argentina,Francisco Coria Machetti,the 2026 Nations Championship (July window),Argentina (Los Pumas) squad for the 2026 Nations Championship,https://www.planetrugby.com/news/argentina-squad-felipe-contepomi-names-five-uncapped-men-in-nations-championship-group,2026-06-19
Argentina,Pedro Delgado,the 2026 Nations Championship (July window),Argentina (Los Pumas) squad for the 2026 Nations Championship,https://www.planetrugby.com/news/argentina-squad-felipe-contepomi-names-five-uncapped-men-in-nations-championship-group,2026-06-19
Argentina,Santiago Grondona,the 2026 Nations Championship (July window),Argentina (Los Pumas) squad for the 2026 Nations Championship,https://www.planetrugby.com/news/argentina-squad-felipe-contepomi-names-five-uncapped-men-in-nations-championship-group,2026-06-19
Argentina,Marcos Kremer,the 2026 Nations Championship (July window),Argentina (Los Pumas) squad for the 2026 Nations Championship,https://www.planetrugby.com/news/argentina-squad-felipe-contepomi-names-five-uncapped-men-in-nations-championship-group,2026-06-19
Argentina,Pablo Matera,the 2026 Nations Championship (July window),Argentina (Los Pumas) squad for the 2026 Nations Championship,https://www.planetrugby.com/news/argentina-squad-felipe-contepomi-names-five-uncapped-men-in-nations-championship-group,2026-06-19
Argentina,Franco Molina,the 2026 Nations Championship (July window),Argentina (Los Pumas) squad for the 2026 Nations Championship,https://www.planetrugby.com/news/argentina-squad-felipe-contepomi-names-five-uncapped-men-in-nations-championship-group,2026-06-19
Argentina,Julián Montoya,the 2026 Nations Championship (July window),Argentina (Los Pumas) squad for the 2026 Nations Championship,https://www.planetrugby.com/news/argentina-squad-felipe-contepomi-names-five-uncapped-men-in-nations-championship-group,2026-06-19
Argentina,Joaquín Moro,the 2026 Nations Championship (July window),Argentina (Los Pumas) squad for the 2026 Nations Championship,https://www.planetrugby.com/news/argentina-squad-felipe-contepomi-names-five-uncapped-men-in-nations-championship-group,2026-06-19
Argentina,Joaquín Oviedo,the 2026 Nations Championship (July window),Argentina (Los Pumas) squad for the 2026 Nations Championship,https://www.planetrugby.com/news/argentina-squad-felipe-contepomi-names-five-uncapped-men-in-nations-championship-group,2026-06-19
Argentina,Leonel Oviedo,the 2026 Nations Championship (July window),Argentina (Los Pumas) squad for the 2026 Nations Championship,https://www.planetrugby.com/news/argentina-squad-felipe-contepomi-names-five-uncapped-men-in-nations-championship-group,2026-06-19
Argentina,Juan Penoucos,the 2026 Nations Championship (July window),Argentina (Los Pumas) squad for the 2026 Nations Championship,https://www.planetrugby.com/news/argentina-squad-felipe-contepomi-names-five-uncapped-men-in-nations-championship-group,2026-06-19
Argentina,Guido Petti,the 2026 Nations Championship (July window),Argentina (Los Pumas) squad for the 2026 Nations Championship,https://www.planetrugby.com/news/argentina-squad-felipe-contepomi-names-five-uncapped-men-in-nations-championship-group,2026-06-19
Argentina,Tomás Rapetti,the 2026 Nations Championship (July window),Argentina (Los Pumas) squad for the 2026 Nations Championship,https://www.planetrugby.com/news/argentina-squad-felipe-contepomi-names-five-uncapped-men-in-nations-championship-group,2026-06-19
Argentina,Ignacio Ruiz,the 2026 Nations Championship (July window),Argentina (Los Pumas) squad for the 2026 Nations Championship,https://www.planetrugby.com/news/argentina-squad-felipe-contepomi-names-five-uncapped-men-in-nations-championship-group,2026-06-19
Argentina,Mayco Vivas,the 2026 Nations Championship (July window),Argentina (Los Pumas) squad for the 2026 Nations Championship,https://www.planetrugby.com/news/argentina-squad-felipe-contepomi-names-five-uncapped-men-in-nations-championship-group,2026-06-19
Argentina,Boris Wenger,the 2026 Nations Championship (July window),Argentina (Los Pumas) squad for the 2026 Nations Championship,https://www.planetrugby.com/news/argentina-squad-felipe-contepomi-names-five-uncapped-men-in-nations-championship-group,2026-06-19
Argentina,Tomás Albornoz,the 2026 Nations Championship (July window),Argentina (Los Pumas) squad for the 2026 Nations Championship,https://www.planetrugby.com/news/argentina-squad-felipe-contepomi-names-five-uncapped-men-in-nations-championship-group,2026-06-19
Argentina,Simón Benítez Cruz,the 2026 Nations Championship (July window),Argentina (Los Pumas) squad for the 2026 Nations Championship,https://www.planetrugby.com/news/argentina-squad-felipe-contepomi-names-five-uncapped-men-in-nations-championship-group,2026-06-19
Argentina,Mateo Carreras,the 2026 Nations Championship (July window),Argentina (Los Pumas) squad for the 2026 Nations Championship,https://www.planetrugby.com/news/argentina-squad-felipe-contepomi-names-five-uncapped-men-in-nations-championship-group,2026-06-19
Argentina,Santiago Carreras,the 2026 Nations Championship (July window),Argentina (Los Pumas) squad for the 2026 Nations Championship,https://www.planetrugby.com/news/argentina-squad-felipe-contepomi-names-five-uncapped-men-in-nations-championship-group,2026-06-19
Argentina,Lucio Cinti,the 2026 Nations Championship (July window),Argentina (Los Pumas) squad for the 2026 Nations Championship,https://www.planetrugby.com/news/argentina-squad-felipe-contepomi-names-five-uncapped-men-in-nations-championship-group,2026-06-19
Argentina,Bautista Delguy,the 2026 Nations Championship (July window),Argentina (Los Pumas) squad for the 2026 Nations Championship,https://www.planetrugby.com/news/argentina-squad-felipe-contepomi-names-five-uncapped-men-in-nations-championship-group,2026-06-19
Argentina,Agustín Fraga,the 2026 Nations Championship (July window),Argentina (Los Pumas) squad for the 2026 Nations Championship,https://www.planetrugby.com/news/argentina-squad-felipe-contepomi-names-five-uncapped-men-in-nations-championship-group,2026-06-19
Argentina,Gonzalo García,the 2026 Nations Championship (July window),Argentina (Los Pumas) squad for the 2026 Nations Championship,https://www.planetrugby.com/news/argentina-squad-felipe-contepomi-names-five-uncapped-men-in-nations-championship-group,2026-06-19
Argentina,Rodrigo Isgro,the 2026 Nations Championship (July window),Argentina (Los Pumas) squad for the 2026 Nations Championship,https://www.planetrugby.com/news/argentina-squad-felipe-contepomi-names-five-uncapped-men-in-nations-championship-group,2026-06-19
Argentina,Ignacio Mendy,the 2026 Nations Championship (July window),Argentina (Los Pumas) squad for the 2026 Nations Championship,https://www.planetrugby.com/news/argentina-squad-felipe-contepomi-names-five-uncapped-men-in-nations-championship-group,2026-06-19
Argentina,Matías Moroni,the 2026 Nations Championship (July window),Argentina (Los Pumas) squad for the 2026 Nations Championship,https://www.planetrugby.com/news/argentina-squad-felipe-contepomi-names-five-uncapped-men-in-nations-championship-group,2026-06-19
Argentina,Agustín Moyano,the 2026 Nations Championship (July window),Argentina (Los Pumas) squad for the 2026 Nations Championship,https://www.planetrugby.com/news/argentina-squad-felipe-contepomi-names-five-uncapped-men-in-nations-championship-group,2026-06-19
Argentina,Gerónimo Prisciantelli,the 2026 Nations Championship (July window),Argentina (Los Pumas) squad for the 2026 Nations Championship,https://www.planetrugby.com/news/argentina-squad-felipe-contepomi-names-five-uncapped-men-in-nations-championship-group,2026-06-19
Argentina,Nicolás Roger,the 2026 Nations Championship (July window),Argentina (Los Pumas) squad for the 2026 Nations Championship,https://www.planetrugby.com/news/argentina-squad-felipe-contepomi-names-five-uncapped-men-in-nations-championship-group,2026-06-19
Argentina,Faustino Sánchez Valarolo,the 2026 Nations Championship (July window),Argentina (Los Pumas) squad for the 2026 Nations Championship,https://www.planetrugby.com/news/argentina-squad-felipe-contepomi-names-five-uncapped-men-in-nations-championship-group,2026-06-19
Argentina,Mateo Soler,the 2026 Nations Championship (July window),Argentina (Los Pumas) squad for the 2026 Nations Championship,https://www.planetrugby.com/news/argentina-squad-felipe-contepomi-names-five-uncapped-men-in-nations-championship-group,2026-06-19
Australia,Allan Alaalatoa,the 2026 Nations Championship (July window),Australia (Wallabies) squad for the 2026 Nations Championship,https://wallabies.rugby/news/wallabies-squad-confirmed-for-july-nations-championship-tests-2026618,2026-06-18
Australia,Miles Amatosero,the 2026 Nations Championship (July window),Australia (Wallabies) squad for the 2026 Nations Championship,https://wallabies.rugby/news/wallabies-squad-confirmed-for-july-nations-championship-tests-2026618,2026-06-18
Australia,Angus Bell,the 2026 Nations Championship (July window),Australia (Wallabies) squad for the 2026 Nations Championship,https://wallabies.rugby/news/wallabies-squad-confirmed-for-july-nations-championship-tests-2026618,2026-06-18
Australia,Charlie Cale,the 2026 Nations Championship (July window),Australia (Wallabies) squad for the 2026 Nations Championship,https://wallabies.rugby/news/wallabies-squad-confirmed-for-july-nations-championship-tests-2026618,2026-06-18
Australia,Josh Canham,the 2026 Nations Championship (July window),Australia (Wallabies) squad for the 2026 Nations Championship,https://wallabies.rugby/news/wallabies-squad-confirmed-for-july-nations-championship-tests-2026618,2026-06-18
Australia,Nick Champion De Crespigny,the 2026 Nations Championship (July window),Australia (Wallabies) squad for the 2026 Nations Championship,https://wallabies.rugby/news/wallabies-squad-confirmed-for-july-nations-championship-tests-2026618,2026-06-18
Australia,Tom Hooper,the 2026 Nations Championship (July window),Australia (Wallabies) squad for the 2026 Nations Championship,https://wallabies.rugby/news/wallabies-squad-confirmed-for-july-nations-championship-tests-2026618,2026-06-18
Australia,Fraser McReight,the 2026 Nations Championship (July window),Australia (Wallabies) squad for the 2026 Nations Championship,https://wallabies.rugby/news/wallabies-squad-confirmed-for-july-nations-championship-tests-2026618,2026-06-18
Australia,Josh Nasser,the 2026 Nations Championship (July window),Australia (Wallabies) squad for the 2026 Nations Championship,https://wallabies.rugby/news/wallabies-squad-confirmed-for-july-nations-championship-tests-2026618,2026-06-18
Australia,Zane Nonggorr,the 2026 Nations Championship (July window),Australia (Wallabies) squad for the 2026 Nations Championship,https://wallabies.rugby/news/wallabies-squad-confirmed-for-july-nations-championship-tests-2026618,2026-06-18
Australia,Brandon Paenga-Amosa,the 2026 Nations Championship (July window),Australia (Wallabies) squad for the 2026 Nations Championship,https://wallabies.rugby/news/wallabies-squad-confirmed-for-july-nations-championship-tests-2026618,2026-06-18
Australia,Billy Pollard,the 2026 Nations Championship (July window),Australia (Wallabies) squad for the 2026 Nations Championship,https://wallabies.rugby/news/wallabies-squad-confirmed-for-july-nations-championship-tests-2026618,2026-06-18
Australia,Aidan Ross,the 2026 Nations Championship (July window),Australia (Wallabies) squad for the 2026 Nations Championship,https://wallabies.rugby/news/wallabies-squad-confirmed-for-july-nations-championship-tests-2026618,2026-06-18
Australia,Lachlan Shaw,the 2026 Nations Championship (July window),Australia (Wallabies) squad for the 2026 Nations Championship,https://wallabies.rugby/news/wallabies-squad-confirmed-for-july-nations-championship-tests-2026618,2026-06-18
Australia,James Slipper,the 2026 Nations Championship (July window),Australia (Wallabies) squad for the 2026 Nations Championship,https://wallabies.rugby/news/wallabies-squad-confirmed-for-july-nations-championship-tests-2026618,2026-06-18
Australia,Carlo Tizzano,the 2026 Nations Championship (July window),Australia (Wallabies) squad for the 2026 Nations Championship,https://wallabies.rugby/news/wallabies-squad-confirmed-for-july-nations-championship-tests-2026618,2026-06-18
Australia,Taniela Tupou,the 2026 Nations Championship (July window),Australia (Wallabies) squad for the 2026 Nations Championship,https://wallabies.rugby/news/wallabies-squad-confirmed-for-july-nations-championship-tests-2026618,2026-06-18
Australia,Rob Valetini,the 2026 Nations Championship (July window),Australia (Wallabies) squad for the 2026 Nations Championship,https://wallabies.rugby/news/wallabies-squad-confirmed-for-july-nations-championship-tests-2026618,2026-06-18
Australia,Jeremy Williams,the 2026 Nations Championship (July window),Australia (Wallabies) squad for the 2026 Nations Championship,https://wallabies.rugby/news/wallabies-squad-confirmed-for-july-nations-championship-tests-2026618,2026-06-18
Australia,Harry Wilson,the 2026 Nations Championship (July window),Australia (Wallabies) squad for the 2026 Nations Championship,https://wallabies.rugby/news/wallabies-squad-confirmed-for-july-nations-championship-tests-2026618,2026-06-18
Australia,Jock Campbell,the 2026 Nations Championship (July window),Australia (Wallabies) squad for the 2026 Nations Championship,https://wallabies.rugby/news/wallabies-squad-confirmed-for-july-nations-championship-tests-2026618,2026-06-18
Australia,Filipo Daugunu,the 2026 Nations Championship (July window),Australia (Wallabies) squad for the 2026 Nations Championship,https://wallabies.rugby/news/wallabies-squad-confirmed-for-july-nations-championship-tests-2026618,2026-06-18
Australia,Ben Donaldson,the 2026 Nations Championship (July window),Australia (Wallabies) squad for the 2026 Nations Championship,https://wallabies.rugby/news/wallabies-squad-confirmed-for-july-nations-championship-tests-2026618,2026-06-18
Australia,Josh Flook,the 2026 Nations Championship (July window),Australia (Wallabies) squad for the 2026 Nations Championship,https://wallabies.rugby/news/wallabies-squad-confirmed-for-july-nations-championship-tests-2026618,2026-06-18
Australia,Carter Gordon,the 2026 Nations Championship (July window),Australia (Wallabies) squad for the 2026 Nations Championship,https://wallabies.rugby/news/wallabies-squad-confirmed-for-july-nations-championship-tests-2026618,2026-06-18
Australia,Len Ikitau,the 2026 Nations Championship (July window),Australia (Wallabies) squad for the 2026 Nations Championship,https://wallabies.rugby/news/wallabies-squad-confirmed-for-july-nations-championship-tests-2026618,2026-06-18
Australia,Max Jorgensen,the 2026 Nations Championship (July window),Australia (Wallabies) squad for the 2026 Nations Championship,https://wallabies.rugby/news/wallabies-squad-confirmed-for-july-nations-championship-tests-2026618,2026-06-18
Australia,Ryan Lonergan,the 2026 Nations Championship (July window),Australia (Wallabies) squad for the 2026 Nations Championship,https://wallabies.rugby/news/wallabies-squad-confirmed-for-july-nations-championship-tests-2026618,2026-06-18
Australia,Tate McDermott,the 2026 Nations Championship (July window),Australia (Wallabies) squad for the 2026 Nations Championship,https://wallabies.rugby/news/wallabies-squad-confirmed-for-july-nations-championship-tests-2026618,2026-06-18
Australia,Declan Meredith,the 2026 Nations Championship (July window),Australia (Wallabies) squad for the 2026 Nations Championship,https://wallabies.rugby/news/wallabies-squad-confirmed-for-july-nations-championship-tests-2026618,2026-06-18
Australia,Hunter Paisami,the 2026 Nations Championship (July window),Australia (Wallabies) squad for the 2026 Nations Championship,https://wallabies.rugby/news/wallabies-squad-confirmed-for-july-nations-championship-tests-2026618,2026-06-18
Australia,Dylan Pietsch,the 2026 Nations Championship (July window),Australia (Wallabies) squad for the 2026 Nations Championship,https://wallabies.rugby/news/wallabies-squad-confirmed-for-july-nations-championship-tests-2026618,2026-06-18
Australia,Harry Potter,the 2026 Nations Championship (July window),Australia (Wallabies) squad for the 2026 Nations Championship,https://wallabies.rugby/news/wallabies-squad-confirmed-for-july-nations-championship-tests-2026618,2026-06-18
Australia,Joseph-Aukuso Suaalii,the 2026 Nations Championship (July window),Australia (Wallabies) squad for the 2026 Nations Championship,https://wallabies.rugby/news/wallabies-squad-confirmed-for-july-nations-championship-tests-2026618,2026-06-18
Australia,Kalani Thomas,the 2026 Nations Championship (July window),Australia (Wallabies) squad for the 2026 Nations Championship,https://wallabies.rugby/news/wallabies-squad-confirmed-for-july-nations-championship-tests-2026618,2026-06-18
Australia,Corey Toole,the 2026 Nations Championship (July window),Australia (Wallabies) squad for the 2026 Nations Championship,https://wallabies.rugby/news/wallabies-squad-confirmed-for-july-nations-championship-tests-2026618,2026-06-18
Australia,Tom Wright,the 2026 Nations Championship (July window),Australia (Wallabies) squad for the 2026 Nations Championship,https://wallabies.rugby/news/wallabies-squad-confirmed-for-july-nations-championship-tests-2026618,2026-06-18
Fiji,Eroni Mawi,the 2026 Nations Championship (July window),Fiji (Flying Fijians) squad for the 2026 Nations Championship,https://www.planetrugby.com/news/ex-france-and-england-regulars-named-in-fijis-star-studded-nations-championship-squad,2026-06-15
Fiji,Atunaisa Sokobale,the 2026 Nations Championship (July window),Fiji (Flying Fijians) squad for the 2026 Nations Championship,https://www.planetrugby.com/news/ex-france-and-england-regulars-named-in-fijis-star-studded-nations-championship-squad,2026-06-15
Fiji,Peni Ravai,the 2026 Nations Championship (July window),Fiji (Flying Fijians) squad for the 2026 Nations Championship,https://www.planetrugby.com/news/ex-france-and-england-regulars-named-in-fijis-star-studded-nations-championship-squad,2026-06-15
Fiji,Livai Natave,the 2026 Nations Championship (July window),Fiji (Flying Fijians) squad for the 2026 Nations Championship,https://www.planetrugby.com/news/ex-france-and-england-regulars-named-in-fijis-star-studded-nations-championship-squad,2026-06-15
Fiji,Haereiti Hetet,the 2026 Nations Championship (July window),Fiji (Flying Fijians) squad for the 2026 Nations Championship,https://www.planetrugby.com/news/ex-france-and-england-regulars-named-in-fijis-star-studded-nations-championship-squad,2026-06-15
Fiji,Luke Tagi,the 2026 Nations Championship (July window),Fiji (Flying Fijians) squad for the 2026 Nations Championship,https://www.planetrugby.com/news/ex-france-and-england-regulars-named-in-fijis-star-studded-nations-championship-squad,2026-06-15
Fiji,Tim Hoyt,the 2026 Nations Championship (July window),Fiji (Flying Fijians) squad for the 2026 Nations Championship,https://www.planetrugby.com/news/ex-france-and-england-regulars-named-in-fijis-star-studded-nations-championship-squad,2026-06-15
Fiji,Vilikesa Nairau,the 2026 Nations Championship (July window),Fiji (Flying Fijians) squad for the 2026 Nations Championship,https://www.planetrugby.com/news/ex-france-and-england-regulars-named-in-fijis-star-studded-nations-championship-squad,2026-06-15
Fiji,Mesake Doge,the 2026 Nations Championship (July window),Fiji (Flying Fijians) squad for the 2026 Nations Championship,https://www.planetrugby.com/news/ex-france-and-england-regulars-named-in-fijis-star-studded-nations-championship-squad,2026-06-15
Fiji,Tevita Ikanivere,the 2026 Nations Championship (July window),Fiji (Flying Fijians) squad for the 2026 Nations Championship,https://www.planetrugby.com/news/ex-france-and-england-regulars-named-in-fijis-star-studded-nations-championship-squad,2026-06-15
Fiji,Kavaia Tagivetaua,the 2026 Nations Championship (July window),Fiji (Flying Fijians) squad for the 2026 Nations Championship,https://www.planetrugby.com/news/ex-france-and-england-regulars-named-in-fijis-star-studded-nations-championship-squad,2026-06-15
Fiji,Zuriel Togiatama,the 2026 Nations Championship (July window),Fiji (Flying Fijians) squad for the 2026 Nations Championship,https://www.planetrugby.com/news/ex-france-and-england-regulars-named-in-fijis-star-studded-nations-championship-squad,2026-06-15
Fiji,Sam Matavesi,the 2026 Nations Championship (July window),Fiji (Flying Fijians) squad for the 2026 Nations Championship,https://www.planetrugby.com/news/ex-france-and-england-regulars-named-in-fijis-star-studded-nations-championship-squad,2026-06-15
Fiji,Isoa Nasilasila,the 2026 Nations Championship (July window),Fiji (Flying Fijians) squad for the 2026 Nations Championship,https://www.planetrugby.com/news/ex-france-and-england-regulars-named-in-fijis-star-studded-nations-championship-squad,2026-06-15
Fiji,Mesake Vocevoce,the 2026 Nations Championship (July window),Fiji (Flying Fijians) squad for the 2026 Nations Championship,https://www.planetrugby.com/news/ex-france-and-england-regulars-named-in-fijis-star-studded-nations-championship-squad,2026-06-15
Fiji,Albert Tuisue,the 2026 Nations Championship (July window),Fiji (Flying Fijians) squad for the 2026 Nations Championship,https://www.planetrugby.com/news/ex-france-and-england-regulars-named-in-fijis-star-studded-nations-championship-squad,2026-06-15
Fiji,Temo Mayanavanua,the 2026 Nations Championship (July window),Fiji (Flying Fijians) squad for the 2026 Nations Championship,https://www.planetrugby.com/news/ex-france-and-england-regulars-named-in-fijis-star-studded-nations-championship-squad,2026-06-15
Fiji,Tevita Ratuva,the 2026 Nations Championship (July window),Fiji (Flying Fijians) squad for the 2026 Nations Championship,https://www.planetrugby.com/news/ex-france-and-england-regulars-named-in-fijis-star-studded-nations-championship-squad,2026-06-15
Fiji,Joseva Tamani,the 2026 Nations Championship (July window),Fiji (Flying Fijians) squad for the 2026 Nations Championship,https://www.planetrugby.com/news/ex-france-and-england-regulars-named-in-fijis-star-studded-nations-championship-squad,2026-06-15
Fiji,Lekima Tagitagivalu,the 2026 Nations Championship (July window),Fiji (Flying Fijians) squad for the 2026 Nations Championship,https://www.planetrugby.com/news/ex-france-and-england-regulars-named-in-fijis-star-studded-nations-championship-squad,2026-06-15
Fiji,Etonia Waqa,the 2026 Nations Championship (July window),Fiji (Flying Fijians) squad for the 2026 Nations Championship,https://www.planetrugby.com/news/ex-france-and-england-regulars-named-in-fijis-star-studded-nations-championship-squad,2026-06-15
Fiji,Isoa Tuwai,the 2026 Nations Championship (July window),Fiji (Flying Fijians) squad for the 2026 Nations Championship,https://www.planetrugby.com/news/ex-france-and-england-regulars-named-in-fijis-star-studded-nations-championship-squad,2026-06-15
Fiji,Elia Canakaivata,the 2026 Nations Championship (July window),Fiji (Flying Fijians) squad for the 2026 Nations Championship,https://www.planetrugby.com/news/ex-france-and-england-regulars-named-in-fijis-star-studded-nations-championship-squad,2026-06-15
Fiji,Levani Botia,the 2026 Nations Championship (July window),Fiji (Flying Fijians) squad for the 2026 Nations Championship,https://www.planetrugby.com/news/ex-france-and-england-regulars-named-in-fijis-star-studded-nations-championship-squad,2026-06-15
Fiji,Kitione Salawa,the 2026 Nations Championship (July window),Fiji (Flying Fijians) squad for the 2026 Nations Championship,https://www.planetrugby.com/news/ex-france-and-england-regulars-named-in-fijis-star-studded-nations-championship-squad,2026-06-15
Fiji,Pita-Gus Sowakula,the 2026 Nations Championship (July window),Fiji (Flying Fijians) squad for the 2026 Nations Championship,https://www.planetrugby.com/news/ex-france-and-england-regulars-named-in-fijis-star-studded-nations-championship-squad,2026-06-15
Fiji,Peceli Yato,the 2026 Nations Championship (July window),Fiji (Flying Fijians) squad for the 2026 Nations Championship,https://www.planetrugby.com/news/ex-france-and-england-regulars-named-in-fijis-star-studded-nations-championship-squad,2026-06-15
Fiji,Nathan Hughes,the 2026 Nations Championship (July window),Fiji (Flying Fijians) squad for the 2026 Nations Championship,https://www.planetrugby.com/news/ex-france-and-england-regulars-named-in-fijis-star-studded-nations-championship-squad,2026-06-15
Fiji,Frank Lomani,the 2026 Nations Championship (July window),Fiji (Flying Fijians) squad for the 2026 Nations Championship,https://www.planetrugby.com/news/ex-france-and-england-regulars-named-in-fijis-star-studded-nations-championship-squad,2026-06-15
Fiji,Simione Kuruvoli,the 2026 Nations Championship (July window),Fiji (Flying Fijians) squad for the 2026 Nations Championship,https://www.planetrugby.com/news/ex-france-and-england-regulars-named-in-fijis-star-studded-nations-championship-squad,2026-06-15
Fiji,Sam Wye,the 2026 Nations Championship (July window),Fiji (Flying Fijians) squad for the 2026 Nations Championship,https://www.planetrugby.com/news/ex-france-and-england-regulars-named-in-fijis-star-studded-nations-championship-squad,2026-06-15
Fiji,Philip Baselala,the 2026 Nations Championship (July window),Fiji (Flying Fijians) squad for the 2026 Nations Championship,https://www.planetrugby.com/news/ex-france-and-england-regulars-named-in-fijis-star-studded-nations-championship-squad,2026-06-15
Fiji,Caleb Muntz,the 2026 Nations Championship (July window),Fiji (Flying Fijians) squad for the 2026 Nations Championship,https://www.planetrugby.com/news/ex-france-and-england-regulars-named-in-fijis-star-studded-nations-championship-squad,2026-06-15
Fiji,Isaia Armstrong-Ravula,the 2026 Nations Championship (July window),Fiji (Flying Fijians) squad for the 2026 Nations Championship,https://www.planetrugby.com/news/ex-france-and-england-regulars-named-in-fijis-star-studded-nations-championship-squad,2026-06-15
Fiji,Kemu Valetini,the 2026 Nations Championship (July window),Fiji (Flying Fijians) squad for the 2026 Nations Championship,https://www.planetrugby.com/news/ex-france-and-england-regulars-named-in-fijis-star-studded-nations-championship-squad,2026-06-15
Fiji,Josua Tuisova,the 2026 Nations Championship (July window),Fiji (Flying Fijians) squad for the 2026 Nations Championship,https://www.planetrugby.com/news/ex-france-and-england-regulars-named-in-fijis-star-studded-nations-championship-squad,2026-06-15
Fiji,Filimoni Botitu,the 2026 Nations Championship (July window),Fiji (Flying Fijians) squad for the 2026 Nations Championship,https://www.planetrugby.com/news/ex-france-and-england-regulars-named-in-fijis-star-studded-nations-championship-squad,2026-06-15
Fiji,Isikeli Rabitu,the 2026 Nations Championship (July window),Fiji (Flying Fijians) squad for the 2026 Nations Championship,https://www.planetrugby.com/news/ex-france-and-england-regulars-named-in-fijis-star-studded-nations-championship-squad,2026-06-15
Fiji,Virimi Vakatawa,the 2026 Nations Championship (July window),Fiji (Flying Fijians) squad for the 2026 Nations Championship,https://www.planetrugby.com/news/ex-france-and-england-regulars-named-in-fijis-star-studded-nations-championship-squad,2026-06-15
Fiji,Iosefo Masi,the 2026 Nations Championship (July window),Fiji (Flying Fijians) squad for the 2026 Nations Championship,https://www.planetrugby.com/news/ex-france-and-england-regulars-named-in-fijis-star-studded-nations-championship-squad,2026-06-15
Fiji,Semi Radradra,the 2026 Nations Championship (July window),Fiji (Flying Fijians) squad for the 2026 Nations Championship,https://www.planetrugby.com/news/ex-france-and-england-regulars-named-in-fijis-star-studded-nations-championship-squad,2026-06-15
Fiji,Seta Tamanivalu,the 2026 Nations Championship (July window),Fiji (Flying Fijians) squad for the 2026 Nations Championship,https://www.planetrugby.com/news/ex-france-and-england-regulars-named-in-fijis-star-studded-nations-championship-squad,2026-06-15
Fiji,Sireli Maqala,the 2026 Nations Championship (July window),Fiji (Flying Fijians) squad for the 2026 Nations Championship,https://www.planetrugby.com/news/ex-france-and-england-regulars-named-in-fijis-star-studded-nations-championship-squad,2026-06-15
Fiji,Jiuta Wainiqolo,the 2026 Nations Championship (July window),Fiji (Flying Fijians) squad for the 2026 Nations Championship,https://www.planetrugby.com/news/ex-france-and-england-regulars-named-in-fijis-star-studded-nations-championship-squad,2026-06-15
Fiji,Selestino Ravutaumada,the 2026 Nations Championship (July window),Fiji (Flying Fijians) squad for the 2026 Nations Championship,https://www.planetrugby.com/news/ex-france-and-england-regulars-named-in-fijis-star-studded-nations-championship-squad,2026-06-15
Fiji,Kalaveti Ravouvou,the 2026 Nations Championship (July window),Fiji (Flying Fijians) squad for the 2026 Nations Championship,https://www.planetrugby.com/news/ex-france-and-england-regulars-named-in-fijis-star-studded-nations-championship-squad,2026-06-15
Fiji,Vinaya Habosi,the 2026 Nations Championship (July window),Fiji (Flying Fijians) squad for the 2026 Nations Championship,https://www.planetrugby.com/news/ex-france-and-england-regulars-named-in-fijis-star-studded-nations-championship-squad,2026-06-15
Fiji,Manasa Mataele,the 2026 Nations Championship (July window),Fiji (Flying Fijians) squad for the 2026 Nations Championship,https://www.planetrugby.com/news/ex-france-and-england-regulars-named-in-fijis-star-studded-nations-championship-squad,2026-06-15
Fiji,Salesi Rayasi,the 2026 Nations Championship (July window),Fiji (Flying Fijians) squad for the 2026 Nations Championship,https://www.planetrugby.com/news/ex-france-and-england-regulars-named-in-fijis-star-studded-nations-championship-squad,2026-06-15
Fiji,Vuate Karawalevu,the 2026 Nations Championship (July window),Fiji (Flying Fijians) squad for the 2026 Nations Championship,https://www.planetrugby.com/news/ex-france-and-england-regulars-named-in-fijis-star-studded-nations-championship-squad,2026-06-15
